{
  "implementations": [
    "numba",
    "cupy",
    "naive"
  ],
  "samples": [
    "1.png",
    "2.png",
    "3.jpg",
    "4.jpg"
  ],
  "radii": [
    6,
    15
  ],
  "num_runs": 2,
  "results": {
    "numba": {
      "6": {
        "times": {
          "1.png": {
            "mean": 2.635577607000414,
            "std": 1.3411426800003028
          },
          "2.png": {
            "mean": 1.1785155835004844,
            "std": 0.027362835500753135
          },
          "3.jpg": {
            "mean": 1.3401822225005162,
            "std": 0.07677526149927871
          },
          "4.jpg": {
            "mean": 1.1233204395002758,
            "std": 0.0322926524995637
          }
        },
        "average_time": 1.5693989631254226
      },
      "15": {
        "times": {
          "1.png": {
            "mean": 5.465159483499519,
            "std": 0.011141639499328448
          },
          "2.png": {
            "mean": 5.442697410499932,
            "std": 0.011150858500514005
          },
          "3.jpg": {
            "mean": 6.0623471244998655,
            "std": 0.029026315500232158
          },
          "4.jpg": {
            "mean": 5.003492839500723,
            "std": 0.040365605499573576
          }
        },
        "average_time": 5.49342421450001
      }
    },
    "cupy": {
      "6": {
        "times": {
          "1.png": {
            "mean": 0.2621320635007578,
            "std": 0.18265128950042708
          },
          "2.png": {
            "mean": 0.07926286850033648,
            "std": 0.0007981464996191789
          },
          "3.jpg": {
            "mean": 0.08655387950057047,
            "std": 0.002193714499298949
          },
          "4.jpg": {
            "mean": 0.06968190199950186,
            "std": 0.0007533080006396631
          }
        },
        "average_time": 0.12440767837529165
      },
      "15": {
        "times": {
          "1.png": {
            "mean": 0.0843445195005188,
            "std": 0.003154311500111362
          },
          "2.png": {
            "mean": 0.08107343399933598,
            "std": 0.0012945779999427032
          },
          "3.jpg": {
            "mean": 0.06262611700003617,
            "std": 0.0007844570009183371
          },
          "4.jpg": {
            "mean": 0.05509666800026025,
            "std": 0.00368510499902186
          }
        },
        "average_time": 0.0707851846250378
      }
    },
    "naive": {
      "6": {
        "times": {
          "1.png": {
            "mean": 513.2887108499926,
            "std": 1.3835585500055458
          },
          "2.png": {
            "mean": 450.5740073099878,
            "std": 0.1014346900046803
          },
          "3.jpg": {
            "mean": 564.9366948499846,
            "std": 0.8557428500171227
          },
          "4.jpg": {
            "mean": 466.98022958000365,
            "std": 1.848475180013338
          }
        },
        "average_time": 498.9449106474922
      },
      "15": {
        "times": {
          "1.png": {
            "mean": 549.1178181799842,
            "std": 0.835617379998439
          },
          "2.png": {
            "mean": 493.49572568999065,
            "std": 1.4254297900151869
          },
          "3.jpg": {
            "mean": 602.0237358200029,
            "std": 0.5511818000013591
          },
          "4.jpg": {
            "mean": 501.05051837001156,
            "std": 0.08162210999216768
          }
        },
        "average_time": 536.4219495149973
      }
    }
  }
}