{
  "implementation": "cupy",
  "radii": [
    6,
    15
  ],
  "num_runs": 2,
  "results": {
    "6": {
      "times": {
        "1.png": {
          "mean": 0.2621320635007578,
          "std": 0.18265128950042708
        },
        "2.png": {
          "mean": 0.07926286850033648,
          "std": 0.0007981464996191789
        },
        "3.jpg": {
          "mean": 0.08655387950057047,
          "std": 0.002193714499298949
        },
        "4.jpg": {
          "mean": 0.06968190199950186,
          "std": 0.0007533080006396631
        }
      },
      "average_time": 0.12440767837529165
    },
    "15": {
      "times": {
        "1.png": {
          "mean": 0.0843445195005188,
          "std": 0.003154311500111362
        },
        "2.png": {
          "mean": 0.08107343399933598,
          "std": 0.0012945779999427032
        },
        "3.jpg": {
          "mean": 0.06262611700003617,
          "std": 0.0007844570009183371
        },
        "4.jpg": {
          "mean": 0.05509666800026025,
          "std": 0.00368510499902186
        }
      },
      "average_time": 0.0707851846250378
    }
  }
}