{
  "implementation": "naive",
  "radii": [
    6,
    15
  ],
  "num_runs": 2,
  "results": {
    "6": {
      "times": {
        "1.png": {
          "mean": 513.2887108499926,
          "std": 1.3835585500055458
        },
        "2.png": {
          "mean": 450.5740073099878,
          "std": 0.1014346900046803
        },
        "3.jpg": {
          "mean": 564.9366948499846,
          "std": 0.8557428500171227
        },
        "4.jpg": {
          "mean": 466.98022958000365,
          "std": 1.848475180013338
        }
      },
      "average_time": 498.9449106474922
    },
    "15": {
      "times": {
        "1.png": {
          "mean": 549.1178181799842,
          "std": 0.835617379998439
        },
        "2.png": {
          "mean": 493.49572568999065,
          "std": 1.4254297900151869
        },
        "3.jpg": {
          "mean": 602.0237358200029,
          "std": 0.5511818000013591
        },
        "4.jpg": {
          "mean": 501.05051837001156,
          "std": 0.08162210999216768
        }
      },
      "average_time": 536.4219495149973
    }
  }
}