{
  "implementation": "numba",
  "radii": [
    6,
    15
  ],
  "num_runs": 2,
  "results": {
    "6": {
      "times": {
        "1.png": {
          "mean": 2.635577607000414,
          "std": 1.3411426800003028
        },
        "2.png": {
          "mean": 1.1785155835004844,
          "std": 0.027362835500753135
        },
        "3.jpg": {
          "mean": 1.3401822225005162,
          "std": 0.07677526149927871
        },
        "4.jpg": {
          "mean": 1.1233204395002758,
          "std": 0.0322926524995637
        }
      },
      "average_time": 1.5693989631254226
    },
    "15": {
      "times": {
        "1.png": {
          "mean": 5.465159483499519,
          "std": 0.011141639499328448
        },
        "2.png": {
          "mean": 5.442697410499932,
          "std": 0.011150858500514005
        },
        "3.jpg": {
          "mean": 6.0623471244998655,
          "std": 0.029026315500232158
        },
        "4.jpg": {
          "mean": 5.003492839500723,
          "std": 0.040365605499573576
        }
      },
      "average_time": 5.49342421450001
    }
  }
}