{
  "implementation": "numba",
  "radii": [
    6,
    15
  ],
  "num_runs": 2,
  "results": {
    "6": {
      "times": {
        "1.png": {
          "mean": 1.2287451040465385,
          "std": 0.5029190620407462
        },
        "2.png": {
          "mean": 0.77338841650635,
          "std": 0.05158575053792447
        },
        "3.jpg": {
          "mean": 0.8066769170109183,
          "std": 0.012600874993950129
        },
        "4.jpg": {
          "mean": 0.6741936875041574,
          "std": 0.007409354439005256
        }
      },
      "average_time": 0.870751031266991
    },
    "15": {
      "times": {
        "1.png": {
          "mean": 3.9136463335016742,
          "std": 0.18408883351366967
        },
        "2.png": {
          "mean": 4.271089437417686,
          "std": 0.20717989548575133
        },
        "3.jpg": {
          "mean": 4.194795104034711,
          "std": 0.02852410398190841
        },
        "4.jpg": {
          "mean": 3.5586102704983205,
          "std": 0.01703031244687736
        }
      },
      "average_time": 3.984535286363098
    }
  }
}